product_id,vendor_id,market_date,customer_id,quantity,cost_to_customer_per_qty,transaction_time
2.0,,,12.0,4.91,3.49,9:45:00
2.0,7.0,2019-09-18,12.0,6.33,3.49,18:34:00
2.0,,2020-09-19,10.0,5.16,3.49,9:57:00
4.0,7.0,2019-06-12,3.0,2.0,4.0,18:26:00
2.0,7.0,2020-09-09,20.0,0.31,3.49,18:32:00
3.0,7.0,,3.0,2.0,0.5,13:31:00
4.0,7.0,2019-05-08,12.0,1.0,4.0,17:30:00
3.0,7.0,2019-07-27,4.0,2.0,0.5,12:46:00
1.0,,2019-07-20,1.0,4.93,6.99,13:00:00
1.0,,2020-09-30,14.0,0.1,6.99,18:32:00
2.0,7.0,2020-09-02,7.0,4.83,3.49,16:51:00
3.0,7.0,2020-07-18,1.0,1.0,0.5,10:52:00
3.0,7.0,2020-09-05,10.0,5.0,,
1.0,7.0,2020-08-26,,2.21,,
1.0,7.0,,22.0,3.45,,
3.0,7.0,,17.0,4.0,0.5,8:47:00
2.0,7.0,2020-08-12,4.0,3.06,3.49,18:59:00
3.0,7.0,2020-09-26,24.0,5.0,0.5,10:41:00
1.0,7.0,2020-08-29,6.0,3.18,6.99,12:37:00
4.0,7.0,,3.0,5.0,4.0,
4.0,7.0,2019-04-24,1.0,3.0,4.0,18:22:00
2.0,7.0,2019-07-31,11.0,1.54,,18:55:00
3.0,7.0,2019-09-14,25.0,5.0,,12:47:00
1.0,7.0,2019-07-03,,2.02,6.99,18:18:00
2.0,7.0,,22.0,,3.49,18:45:00
3.0,7.0,2019-09-28,12.0,3.0,0.5,12:56:00
3.0,7.0,,17.0,4.0,0.5,8:47:00
1.0,7.0,2019-08-24,15.0,1.19,,8:47:00
2.0,7.0,2020-09-09,15.0,1.78,3.49,18:49:00
1.0,7.0,2020-09-09,9.0,1.14,6.99,18:26:00
3.0,7.0,2020-09-30,15.0,2.0,0.5,18:49:00
,7.0,,19.0,3.79,3.49,18:01:00
3.0,7.0,2020-09-02,5.0,2.0,0.5,17:16:00
3.0,7.0,2019-09-04,7.0,4.0,0.5,17:09:00
2.0,7.0,2019-08-31,5.0,,3.49,10:22:00
1.0,,2019-07-17,5.0,4.11,6.99,16:30:00
,7.0,2020-07-18,5.0,5.0,0.5,11:15:00
4.0,7.0,2019-04-10,5.0,4.0,4.0,18:53:00
1.0,7.0,2019-09-04,4.0,,6.99,18:33:00
3.0,7.0,2019-09-28,,5.0,0.5,11:17:00
3.0,7.0,2020-07-25,17.0,1.0,0.5,11:57:00
1.0,7.0,2020-09-26,14.0,3.91,,10:32:00
1.0,7.0,2020-08-29,5.0,3.42,6.99,9:52:00
2.0,7.0,2019-08-03,12.0,3.3,3.49,13:58:00
2.0,7.0,2020-08-08,9.0,,3.49,10:32:00
2.0,7.0,2020-09-19,15.0,3.88,3.49,
4.0,7.0,2019-06-01,8.0,3.0,4.0,10:45:00
3.0,7.0,2020-08-01,22.0,4.0,0.5,9:26:00
3.0,7.0,,13.0,2.0,0.5,18:53:00
3.0,7.0,2020-07-04,19.0,4.0,0.5,13:38:00
3.0,7.0,2019-07-10,,1.0,,18:35:00
,7.0,2020-09-30,18.0,2.26,6.99,18:58:00
2.0,7.0,2019-07-03,12.0,0.12,3.49,17:38:00
1.0,7.0,2020-08-01,,0.5,6.99,11:43:00
1.0,,2020-08-26,1.0,2.97,6.99,18:56:00
3.0,7.0,2019-08-03,2.0,3.0,0.5,8:27:00
4.0,7.0,2019-04-06,5.0,1.0,4.0,11:51:00
4.0,7.0,2019-06-01,9.0,2.0,4.0,11:55:00
3.0,7.0,,13.0,3.0,0.5,13:11:00
2.0,7.0,2020-09-26,7.0,4.03,,11:26:00
2.0,7.0,,14.0,2.08,3.49,12:58:00
3.0,7.0,2019-07-17,2.0,,0.5,18:56:00
4.0,7.0,2019-04-03,5.0,3.0,,18:54:00
4.0,7.0,,7.0,4.0,4.0,
2.0,7.0,2020-08-15,19.0,3.01,3.49,13:04:00
2.0,7.0,2020-09-19,6.0,3.07,3.49,12:30:00
4.0,7.0,2019-04-17,7.0,3.0,3.5,18:52:00
4.0,7.0,2019-05-01,1.0,4.0,4.0,18:59:00
,7.0,2020-08-26,22.0,5.0,0.5,18:34:00
2.0,7.0,2020-07-29,10.0,4.2,3.49,18:52:00
1.0,7.0,,4.0,,6.99,13:33:00
4.0,7.0,2019-06-01,10.0,4.0,4.0,
3.0,7.0,2020-07-11,1.0,5.0,0.5,
1.0,7.0,2020-09-02,,2.73,6.99,17:08:00
,7.0,2020-07-01,25.0,1.25,6.99,17:56:00
3.0,7.0,2019-08-31,8.0,4.0,0.5,12:51:00
4.0,7.0,2019-05-08,2.0,4.0,,18:10:00
2.0,7.0,2019-08-17,,6.55,,
1.0,7.0,2019-09-21,,1.82,,11:11:00
3.0,7.0,2020-07-08,3.0,4.0,0.5,18:52:00
3.0,7.0,2020-07-22,18.0,4.0,0.5,17:34:00
4.0,7.0,2019-06-05,17.0,4.0,4.0,16:58:00
1.0,7.0,2019-08-14,11.0,1.5,6.99,17:06:00
2.0,7.0,2019-09-14,6.0,,3.49,13:34:00
2.0,7.0,2020-08-05,12.0,0.22,3.49,18:26:00
3.0,7.0,2020-08-29,4.0,5.0,0.5,
2.0,7.0,2020-07-15,19.0,3.42,3.49,17:46:00
3.0,7.0,2020-07-18,20.0,3.0,0.5,12:09:00
3.0,7.0,,1.0,5.0,0.5,18:01:00
3.0,7.0,2020-07-18,1.0,3.0,0.5,11:26:00
3.0,7.0,2020-07-15,15.0,4.0,0.5,17:24:00
,,2019-08-28,22.0,2.99,3.49,18:28:00
3.0,7.0,2019-08-03,8.0,4.0,0.5,11:22:00
3.0,7.0,2020-08-05,15.0,2.0,0.5,16:22:00
3.0,7.0,2020-07-25,21.0,,0.5,10:23:00
4.0,7.0,2019-05-08,2.0,4.0,,18:10:00
,7.0,2019-05-18,1.0,5.0,4.0,12:56:00
4.0,,2019-04-27,4.0,3.0,3.5,12:28:00
1.0,7.0,2020-09-12,2.0,4.92,,10:58:00
2.0,7.0,,17.0,8.05,3.49,13:27:00
2.0,7.0,2020-08-05,,1.42,3.49,
4.0,7.0,2019-05-11,6.0,2.0,,11:04:00
3.0,,2019-08-24,13.0,4.0,0.5,13:02:00
4.0,7.0,2019-05-08,2.0,1.0,4.0,18:17:00
2.0,7.0,2020-08-12,16.0,3.53,3.49,17:53:00
3.0,,2019-07-17,,4.0,0.5,18:36:00
2.0,7.0,2020-09-09,15.0,4.21,3.49,18:52:00
2.0,7.0,2019-08-03,14.0,2.44,3.49,9:48:00
3.0,7.0,2019-07-24,3.0,2.0,0.5,18:59:00
3.0,7.0,,1.0,5.0,0.5,18:46:00
1.0,7.0,2020-07-25,,5.71,6.99,10:33:00
3.0,7.0,2019-09-11,22.0,5.0,0.5,18:41:00
3.0,7.0,2019-09-18,17.0,3.0,0.5,
2.0,,2019-08-21,26.0,2.44,3.49,
2.0,7.0,2019-07-31,3.0,2.34,,18:49:00
4.0,7.0,2019-04-24,13.0,1.0,,
4.0,7.0,2019-06-12,17.0,4.0,4.0,18:46:00
1.0,7.0,,11.0,3.06,6.99,18:29:00
3.0,7.0,2020-07-18,5.0,4.0,0.5,
1.0,7.0,2019-09-07,12.0,,6.99,
3.0,7.0,2020-08-22,12.0,2.0,0.5,9:41:00
1.0,7.0,2020-09-09,20.0,0.12,6.99,18:30:00
3.0,7.0,2020-08-19,24.0,4.0,0.5,18:30:00
1.0,7.0,,14.0,0.03,6.99,9:09:00
1.0,7.0,,14.0,3.88,6.99,18:51:00
2.0,7.0,,13.0,2.37,3.49,
2.0,7.0,2020-08-22,5.0,4.99,3.49,13:58:00
1.0,7.0,2019-08-21,11.0,,6.99,
3.0,7.0,2020-07-08,10.0,2.0,0.5,18:42:00
3.0,7.0,,,3.0,0.5,13:03:00
2.0,,2019-08-31,26.0,4.78,3.49,9:29:00
3.0,7.0,2019-08-03,22.0,3.0,0.5,
1.0,7.0,2019-07-03,15.0,1.53,6.99,18:41:00
2.0,7.0,2019-09-04,14.0,4.21,3.49,17:30:00
4.0,7.0,2019-04-27,13.0,2.0,3.5,11:58:00
4.0,7.0,2019-04-24,13.0,,4.0,17:15:00
4.0,7.0,2019-04-24,13.0,1.0,,
2.0,7.0,,,3.26,3.49,9:18:00
3.0,7.0,2019-08-21,4.0,4.0,0.5,18:09:00
,7.0,2020-09-02,7.0,1.0,0.5,
2.0,7.0,2019-09-21,6.0,2.22,3.49,12:54:00
3.0,7.0,2020-08-19,11.0,5.0,0.5,17:07:00
3.0,7.0,2019-09-14,17.0,2.0,0.5,12:32:00
2.0,7.0,2019-08-03,4.0,4.9,3.49,11:54:00
2.0,,2020-08-05,8.0,2.84,3.49,16:43:00
3.0,7.0,2020-07-22,15.0,3.0,0.5,17:33:00
1.0,7.0,2020-07-01,11.0,3.7,6.99,18:27:00
2.0,7.0,2019-09-07,6.0,1.26,3.49,
3.0,7.0,2019-07-06,5.0,1.0,0.5,11:50:00
2.0,7.0,2020-07-04,9.0,0.59,3.49,10:01:00
3.0,7.0,2020-09-09,20.0,4.0,0.5,18:42:00
4.0,7.0,2019-04-17,2.0,2.0,3.5,18:39:00
3.0,7.0,2020-08-05,6.0,1.0,0.5,18:03:00
,7.0,2019-05-04,6.0,1.0,4.0,11:01:00
2.0,7.0,,14.0,6.56,3.49,10:19:00
3.0,7.0,2019-08-24,3.0,2.0,0.5,10:32:00
4.0,7.0,2019-05-11,,4.0,4.0,9:40:00
4.0,7.0,2019-04-13,11.0,1.0,4.0,8:42:00
3.0,,,19.0,,0.5,13:32:00
4.0,7.0,2019-05-08,5.0,1.0,,16:16:00
3.0,7.0,2019-08-24,2.0,3.0,0.5,9:46:00
3.0,7.0,2019-07-27,8.0,,0.5,13:47:00
1.0,7.0,2019-09-07,,3.09,6.99,11:57:00
1.0,7.0,2020-08-26,14.0,0.91,,17:35:00
4.0,7.0,2019-05-29,8.0,2.0,4.0,
3.0,7.0,,5.0,4.0,0.5,
3.0,7.0,2020-08-05,1.0,4.0,0.5,18:34:00
1.0,7.0,2020-07-01,2.0,1.03,,18:54:00
2.0,7.0,2019-09-07,4.0,1.66,3.49,12:02:00
3.0,7.0,2020-07-01,13.0,1.0,0.5,18:48:00
1.0,7.0,2020-08-05,16.0,1.69,,18:22:00
2.0,7.0,2019-07-13,,6.7,3.0,9:29:00
3.0,7.0,2020-09-26,24.0,3.0,0.5,11:08:00
,7.0,2019-05-25,,2.0,,12:22:00
4.0,7.0,2019-04-13,11.0,2.0,,8:48:00
3.0,7.0,2020-09-23,16.0,2.0,0.5,18:52:00
2.0,7.0,2020-07-04,6.0,3.47,3.49,10:59:00
3.0,7.0,2019-07-17,8.0,5.0,0.5,16:08:00
2.0,7.0,2019-08-28,8.0,1.86,3.49,18:12:00
3.0,,2020-07-15,,5.0,0.5,16:47:00
2.0,7.0,2019-07-06,3.0,2.28,3.49,12:20:00
3.0,7.0,2020-07-29,6.0,2.0,0.5,
4.0,7.0,2019-04-06,,2.0,4.0,13:16:00
3.0,7.0,2019-09-07,24.0,2.0,0.5,9:23:00
3.0,7.0,2019-09-07,,4.0,0.5,12:08:00
4.0,7.0,2019-05-18,13.0,2.0,4.0,13:18:00
3.0,7.0,2019-08-17,,,0.5,9:28:00
3.0,7.0,2020-08-08,4.0,,,10:58:00
,7.0,2019-07-06,12.0,3.6,6.99,9:33:00
4.0,7.0,2019-05-04,2.0,1.0,4.0,11:24:00
3.0,7.0,2020-09-30,14.0,2.0,0.5,17:05:00
2.0,,2020-09-02,,1.28,,
3.0,,2020-07-29,5.0,2.0,0.5,18:17:00
1.0,7.0,2019-08-10,2.0,1.29,6.99,
2.0,,,18.0,5.09,3.49,
3.0,7.0,2020-09-16,1.0,3.0,0.5,18:31:00
2.0,7.0,,2.0,3.94,3.49,18:52:00
2.0,7.0,2020-07-22,12.0,1.95,3.49,16:26:00
1.0,7.0,2019-07-13,10.0,2.28,6.99,
,,2019-05-18,17.0,3.0,,11:18:00
2.0,7.0,,1.0,1.87,3.49,18:41:00
4.0,7.0,2019-04-27,17.0,3.0,3.5,10:46:00
2.0,7.0,2019-09-25,8.0,1.01,3.49,16:08:00
3.0,7.0,2020-07-29,7.0,,0.5,
3.0,7.0,2019-09-18,8.0,1.0,0.5,17:14:00
3.0,7.0,2019-09-25,10.0,2.0,0.5,
1.0,7.0,,20.0,,6.99,
,7.0,2019-09-21,4.0,0.45,3.49,10:18:00
3.0,7.0,2019-07-03,3.0,5.0,0.5,18:10:00
4.0,7.0,2019-06-12,7.0,3.0,4.0,17:12:00
3.0,7.0,2020-09-09,21.0,7.0,0.5,16:43:00
3.0,7.0,2019-07-17,5.0,4.0,0.5,18:45:00
4.0,7.0,2019-05-22,10.0,3.0,,17:25:00
,7.0,2019-07-13,24.0,0.65,6.99,12:52:00
3.0,7.0,2019-08-10,,1.0,0.5,
2.0,7.0,2020-07-11,13.0,1.89,,11:54:00
3.0,7.0,2019-08-07,5.0,4.0,0.5,18:15:00
1.0,7.0,2019-07-31,19.0,3.69,6.99,18:11:00
1.0,7.0,2019-08-28,9.0,3.68,6.99,18:28:00
,7.0,2019-07-31,7.0,1.43,,
4.0,7.0,2019-06-05,12.0,2.0,,
3.0,7.0,2020-07-04,7.0,5.0,0.5,8:49:00
,7.0,,,,0.5,18:48:00
2.0,7.0,2019-08-10,22.0,5.25,3.49,9:04:00
,7.0,2019-09-21,4.0,0.45,3.49,10:18:00
4.0,7.0,2019-05-08,18.0,1.0,4.0,18:06:00
3.0,7.0,2019-09-28,18.0,5.0,0.5,10:47:00
4.0,7.0,,11.0,1.0,4.0,
1.0,7.0,2019-09-25,21.0,2.08,6.99,17:28:00
3.0,7.0,,24.0,3.0,0.5,10:19:00
,,2019-09-21,13.0,5.0,0.5,10:56:00
1.0,7.0,2019-08-10,,4.57,,13:20:00
2.0,7.0,,12.0,,3.49,16:25:00
1.0,7.0,2019-07-13,5.0,0.71,6.99,13:43:00
2.0,7.0,2020-07-01,1.0,1.58,3.49,16:10:00
3.0,7.0,2020-07-01,5.0,2.0,0.5,17:03:00
,7.0,2019-07-27,,1.15,6.99,9:08:00
2.0,7.0,2019-09-25,,4.71,3.49,16:16:00
3.0,7.0,2019-08-21,17.0,3.0,0.5,18:59:00
3.0,7.0,2019-07-13,6.0,2.0,0.5,
4.0,7.0,2019-05-29,12.0,3.0,4.0,18:04:00
1.0,7.0,2019-07-24,14.0,0.39,6.99,17:16:00
4.0,7.0,2019-06-01,3.0,5.0,4.0,13:55:00
3.0,7.0,2019-08-24,8.0,5.0,0.5,11:47:00
4.0,7.0,2019-06-05,12.0,2.0,,
,7.0,2019-07-31,3.0,2.64,,18:36:00
,7.0,,,6.0,,18:55:00
,7.0,2019-07-31,7.0,3.0,0.5,18:51:00
4.0,,2019-04-20,2.0,1.0,4.0,13:44:00
3.0,7.0,2019-07-13,10.0,1.0,0.5,11:21:00
3.0,7.0,2020-09-02,1.0,,0.5,18:53:00
3.0,,2019-07-24,13.0,4.0,0.5,18:57:00
2.0,7.0,2019-08-31,4.0,4.59,3.49,10:06:00
1.0,7.0,2020-08-26,22.0,0.57,6.99,18:16:00
1.0,7.0,2020-07-22,,2.12,6.99,
1.0,7.0,2019-07-06,14.0,3.04,6.99,
3.0,7.0,2019-07-24,5.0,3.0,0.5,18:53:00
1.0,7.0,2020-08-22,4.0,4.56,6.99,13:28:00
4.0,7.0,2019-05-29,12.0,3.0,4.0,18:04:00
2.0,7.0,2019-09-11,,2.21,3.49,18:01:00
2.0,7.0,2020-08-01,11.0,2.27,3.49,12:01:00
4.0,7.0,2019-04-20,11.0,,4.0,13:30:00
3.0,7.0,2020-07-25,17.0,5.0,0.5,11:16:00
4.0,7.0,2019-04-13,5.0,5.0,4.0,
2.0,7.0,2019-07-20,3.0,2.7,3.49,13:52:00
4.0,7.0,2019-04-17,1.0,5.0,3.5,16:09:00
1.0,7.0,2020-08-08,26.0,1.51,6.99,11:02:00
1.0,7.0,2019-09-28,13.0,1.14,,8:54:00
3.0,7.0,,20.0,5.0,0.5,12:37:00
3.0,7.0,2020-07-01,3.0,,0.5,16:34:00
2.0,7.0,2019-07-27,23.0,,3.49,13:51:00
3.0,7.0,2020-08-05,7.0,5.0,0.5,18:53:00
3.0,,2019-08-24,,4.0,0.5,8:56:00
,7.0,2019-09-28,19.0,3.93,3.49,13:42:00
4.0,7.0,2019-04-17,9.0,4.0,3.5,17:45:00
3.0,7.0,2020-07-22,10.0,,0.5,17:47:00
4.0,7.0,2019-04-03,7.0,5.0,4.0,17:59:00
4.0,7.0,2019-04-03,16.0,2.0,4.0,18:58:00
2.0,7.0,2019-08-28,5.0,5.24,3.49,17:38:00
2.0,,2019-09-04,11.0,3.51,3.49,
4.0,7.0,2019-05-01,1.0,,4.0,18:49:00
1.0,7.0,,20.0,,6.99,
3.0,7.0,,1.0,1.0,0.5,18:59:00
3.0,7.0,2019-07-17,14.0,5.0,0.5,17:47:00
3.0,7.0,2019-08-31,1.0,5.0,0.5,11:38:00
3.0,7.0,2019-09-11,,4.0,0.5,18:54:00
4.0,7.0,2019-04-13,11.0,2.0,,8:48:00
,7.0,2019-05-25,12.0,2.0,4.0,9:59:00
3.0,7.0,2020-09-23,,4.0,0.5,18:35:00
2.0,7.0,2019-09-25,7.0,2.63,3.49,18:16:00
3.0,7.0,2020-07-22,3.0,,0.5,17:16:00
4.0,7.0,,2.0,,3.5,13:54:00
1.0,7.0,2020-09-30,57.0,5.0,,15:35:00
3.0,7.0,2019-07-24,26.0,2.0,0.5,16:29:00
4.0,,2019-05-29,7.0,2.0,4.0,18:59:00
2.0,7.0,2020-08-19,12.0,2.47,3.49,18:16:00
4.0,7.0,2019-05-11,8.0,2.0,4.0,13:37:00
3.0,7.0,2020-09-12,17.0,5.0,0.5,11:04:00
4.0,7.0,2019-04-24,8.0,5.0,4.0,18:45:00
3.0,7.0,2020-09-26,21.0,2.0,0.5,
2.0,7.0,2020-08-01,15.0,6.04,3.49,
4.0,7.0,2019-04-06,16.0,3.0,4.0,13:34:00
3.0,7.0,2020-07-11,19.0,2.0,0.5,13:53:00
3.0,7.0,2019-08-07,23.0,2.0,0.5,18:36:00
2.0,7.0,2020-08-01,1.0,1.79,3.49,10:18:00
2.0,7.0,2019-07-06,14.0,1.68,3.49,13:37:00
3.0,7.0,2019-07-24,6.0,5.0,0.5,17:16:00
4.0,7.0,2019-04-06,16.0,3.0,4.0,13:34:00
3.0,,2019-09-11,1.0,,,16:28:00
3.0,7.0,2020-09-30,6.0,1.0,0.5,18:01:00
3.0,7.0,2019-09-07,,,0.5,13:25:00
2.0,7.0,2020-08-29,10.0,,3.49,
,7.0,2019-05-01,4.0,2.0,4.0,
4.0,7.0,2019-05-15,1.0,2.0,4.0,18:49:00
2.0,7.0,2020-08-12,13.0,3.96,,16:39:00
4.0,7.0,2019-05-18,,4.0,4.0,
2.0,,2020-08-15,19.0,2.43,3.49,12:36:00
3.0,,2020-09-16,11.0,4.0,0.5,18:52:00
3.0,7.0,2019-08-21,10.0,4.0,0.5,17:19:00
3.0,7.0,2020-08-26,8.0,2.0,0.5,
2.0,7.0,2020-07-29,26.0,3.08,3.49,18:38:00
4.0,7.0,,12.0,2.0,4.0,18:31:00
1.0,7.0,2020-08-29,2.0,0.62,,8:54:00
,7.0,2020-07-18,8.0,2.0,0.5,11:59:00
,7.0,2020-07-29,,3.64,,18:46:00
4.0,7.0,2019-04-20,2.0,4.0,4.0,13:36:00
2.0,7.0,2019-08-17,14.0,1.05,3.49,8:35:00
2.0,7.0,2020-07-18,20.0,2.12,3.49,12:18:00
2.0,7.0,2020-09-09,12.0,,3.49,16:45:00
2.0,,2020-08-29,21.0,3.54,3.49,8:55:00
3.0,7.0,2019-08-14,16.0,2.0,0.5,18:37:00
4.0,7.0,2019-04-27,13.0,4.0,3.5,11:43:00
,7.0,2019-04-03,4.0,1.0,4.0,18:09:00
3.0,7.0,2020-08-05,15.0,3.0,0.5,17:05:00
3.0,7.0,2020-09-23,11.0,,0.5,18:37:00
3.0,7.0,2020-07-15,15.0,,0.5,
3.0,,2019-09-07,14.0,5.0,0.5,13:28:00
1.0,7.0,2020-09-05,1.0,0.27,6.99,11:41:00
3.0,,,8.0,1.0,0.5,17:46:00
,,2019-04-20,7.0,4.0,4.0,9:58:00
,7.0,2019-05-25,12.0,2.0,4.0,9:59:00
2.0,7.0,2020-07-08,,5.13,3.49,18:43:00
,7.0,2019-06-15,11.0,1.0,4.0,12:39:00
1.0,7.0,,26.0,0.75,6.99,11:29:00
,7.0,2019-05-29,14.0,3.0,4.0,18:57:00
3.0,7.0,2019-07-03,3.0,4.0,0.5,
2.0,7.0,,4.0,3.41,3.49,13:49:00
3.0,7.0,2020-09-19,13.0,5.0,0.5,10:59:00
2.0,7.0,2020-09-19,15.0,3.88,3.49,
1.0,7.0,,19.0,2.74,6.99,17:30:00
1.0,7.0,2020-09-12,7.0,0.64,6.99,11:14:00
4.0,7.0,2019-05-25,2.0,2.0,4.0,13:31:00
2.0,7.0,2020-09-12,15.0,0.72,3.49,13:16:00
3.0,7.0,2020-08-01,5.0,1.0,,9:42:00
3.0,7.0,2020-08-08,13.0,2.0,0.5,9:38:00
3.0,7.0,2019-07-13,7.0,5.0,,10:20:00
3.0,,2019-08-28,2.0,,0.5,16:28:00
4.0,7.0,2019-06-05,4.0,5.0,4.0,17:00:00
2.0,7.0,2020-09-19,,3.36,3.49,11:54:00
1.0,7.0,2020-07-11,24.0,1.53,,11:40:00
2.0,7.0,2020-07-18,18.0,5.59,3.49,9:04:00
,,2020-09-05,6.0,0.82,3.49,11:42:00
4.0,7.0,2019-04-27,2.0,5.0,3.5,13:19:00
1.0,7.0,2020-09-26,4.0,,6.99,10:44:00
2.0,7.0,2020-07-15,21.0,5.02,3.49,18:52:00
3.0,7.0,2019-09-28,21.0,,0.5,9:05:00
1.0,7.0,2019-07-20,15.0,,6.99,12:04:00
,,2019-09-07,4.0,1.0,0.5,13:53:00
2.0,7.0,2019-07-24,18.0,2.46,3.49,
,7.0,2019-07-31,22.0,1.07,,18:04:00
2.0,7.0,2019-07-17,13.0,3.09,3.49,17:29:00
3.0,7.0,2019-09-25,7.0,3.0,0.5,16:36:00
,7.0,2019-04-24,18.0,,4.0,17:37:00
3.0,7.0,2020-08-12,,1.0,0.5,16:45:00
3.0,,2020-07-18,6.0,4.0,,10:01:00
3.0,7.0,2020-07-11,,3.0,0.5,13:49:00
4.0,7.0,2019-05-11,6.0,,4.0,11:00:00
1.0,7.0,2019-07-06,23.0,2.56,6.99,12:46:00
1.0,7.0,2019-07-10,3.0,2.48,6.99,18:40:00
1.0,7.0,2019-09-28,3.0,2.43,6.99,9:23:00
3.0,7.0,2019-09-21,13.0,1.0,0.5,11:05:00
3.0,7.0,2020-07-29,13.0,3.0,0.5,17:37:00
1.0,7.0,,17.0,0.03,6.99,12:56:00
,7.0,2019-06-15,2.0,5.0,4.0,9:59:00
,7.0,2019-08-10,,1.85,3.49,8:57:00
3.0,7.0,2019-08-17,14.0,4.0,0.5,9:31:00
3.0,7.0,2019-08-31,3.0,4.0,0.5,8:47:00
2.0,7.0,2019-09-14,,,3.49,10:07:00
2.0,,2019-07-31,,5.53,3.49,16:28:00
1.0,7.0,2019-08-24,,1.67,6.99,8:35:00
4.0,7.0,2019-05-11,12.0,,4.0,9:32:00
2.0,7.0,2020-09-30,,2.45,3.49,
4.0,7.0,2019-05-29,6.0,3.0,4.0,16:56:00
,7.0,2019-08-24,2.0,5.0,0.5,9:12:00
3.0,7.0,2020-07-08,5.0,3.0,0.5,18:54:00
1.0,7.0,2020-09-02,14.0,2.68,6.99,16:41:00
3.0,7.0,2019-07-27,10.0,5.0,0.5,10:34:00
3.0,7.0,2020-08-08,13.0,2.0,,9:47:00
4.0,7.0,2019-04-06,14.0,2.0,4.0,13:50:00
2.0,7.0,2020-07-11,18.0,3.13,3.49,13:54:00
1.0,7.0,2020-07-25,19.0,0.74,6.99,12:03:00
2.0,7.0,2020-09-30,6.0,2.26,3.49,18:04:00
3.0,7.0,2019-09-21,2.0,3.0,0.5,9:24:00
2.0,7.0,2020-07-25,14.0,3.87,3.49,13:37:00
3.0,7.0,2020-07-22,2.0,2.0,0.5,18:29:00
3.0,,2020-08-05,4.0,1.0,,16:46:00
3.0,7.0,2020-07-29,,1.0,,17:23:00
2.0,7.0,2020-07-15,3.0,2.85,3.49,18:47:00
4.0,7.0,2019-04-27,1.0,,3.5,12:26:00
4.0,7.0,2019-06-15,8.0,1.0,4.0,
3.0,7.0,2020-07-25,3.0,2.0,0.5,13:34:00
3.0,7.0,2020-07-01,4.0,4.0,0.5,17:19:00
,7.0,2020-07-18,20.0,6.64,3.49,13:00:00
3.0,7.0,2020-08-05,12.0,3.0,0.5,18:23:00
3.0,7.0,2020-08-08,11.0,,0.5,13:34:00
4.0,7.0,2019-06-12,6.0,3.0,4.0,18:39:00
3.0,7.0,2020-08-26,5.0,4.0,0.5,18:58:00
3.0,7.0,2020-09-02,26.0,6.0,0.5,18:04:00
2.0,7.0,,13.0,3.3,3.49,16:55:00
2.0,7.0,2020-07-04,,1.58,3.49,13:12:00
3.0,7.0,2020-09-05,10.0,3.0,0.5,12:10:00
,7.0,2020-07-29,,5.0,0.5,17:34:00
4.0,7.0,,,5.0,4.0,18:09:00
2.0,7.0,,13.0,1.94,3.49,10:55:00
4.0,7.0,2019-05-01,16.0,,4.0,18:57:00
2.0,7.0,2020-07-29,15.0,,3.49,16:39:00
3.0,7.0,2020-09-26,1.0,5.0,0.5,8:51:00
,,2020-09-26,4.0,2.73,3.49,
2.0,7.0,2020-07-15,14.0,3.13,3.49,18:31:00
2.0,7.0,2019-09-28,,4.16,,10:09:00
2.0,7.0,2019-07-31,18.0,3.41,3.49,18:12:00
3.0,7.0,2020-09-16,6.0,2.0,0.5,18:03:00
1.0,7.0,2019-08-07,13.0,0.31,6.99,18:38:00
2.0,,,22.0,2.75,3.49,18:41:00
3.0,7.0,2020-08-22,7.0,,0.5,13:36:00
2.0,7.0,2019-07-10,21.0,3.59,3.49,17:13:00
2.0,7.0,2020-07-11,13.0,1.89,,11:54:00
1.0,7.0,,13.0,2.36,6.99,13:46:00
4.0,7.0,2019-05-04,11.0,5.0,4.0,11:05:00
3.0,7.0,2019-08-07,5.0,1.0,0.5,18:53:00
4.0,7.0,2019-05-15,12.0,1.0,4.0,17:06:00
3.0,7.0,2019-08-17,17.0,1.0,0.5,13:30:00
,7.0,2020-08-22,2.0,,,10:03:00
3.0,7.0,2020-07-29,7.0,4.0,0.5,18:32:00
3.0,7.0,2020-07-11,14.0,3.0,0.5,13:56:00
2.0,7.0,2019-08-10,12.0,1.48,3.49,8:55:00
1.0,7.0,2020-07-15,21.0,1.63,6.99,18:43:00
2.0,7.0,,22.0,,3.49,9:20:00
3.0,7.0,,,1.0,0.5,18:22:00
3.0,7.0,2020-08-22,12.0,2.0,0.5,9:41:00
,,2019-09-11,4.0,2.25,6.99,18:37:00
3.0,7.0,2020-08-08,4.0,3.0,0.5,
2.0,7.0,2020-09-09,6.0,4.57,3.49,18:45:00
1.0,7.0,2020-09-19,25.0,1.49,,13:29:00
2.0,,2019-08-31,,3.31,3.49,12:24:00
2.0,7.0,2019-08-07,24.0,2.47,3.49,18:07:00
2.0,,2020-09-30,9.0,2.93,,18:33:00
2.0,7.0,2019-08-10,18.0,4.46,,13:56:00
2.0,7.0,2020-08-29,6.0,1.04,,13:18:00
2.0,7.0,,,3.73,3.49,
,,2019-05-01,3.0,4.0,4.0,17:10:00
4.0,7.0,2019-06-12,10.0,2.0,,18:48:00
2.0,7.0,2019-09-25,15.0,2.28,3.49,17:31:00
1.0,7.0,2019-09-18,11.0,2.34,6.99,18:41:00
1.0,7.0,2020-09-26,21.0,1.19,6.99,13:25:00
2.0,7.0,,11.0,2.1,3.49,13:13:00
1.0,7.0,2020-07-04,21.0,,6.99,10:21:00
1.0,7.0,2020-08-05,23.0,4.41,6.99,17:07:00
2.0,7.0,2020-07-04,15.0,3.31,3.49,12:46:00
2.0,7.0,2020-09-26,5.0,2.13,,10:21:00
,7.0,2020-07-18,3.0,2.0,0.5,
2.0,7.0,2020-09-23,6.0,2.01,3.49,16:41:00
2.0,7.0,2020-08-12,13.0,1.25,3.49,16:16:00
3.0,7.0,2019-09-04,2.0,2.0,0.5,18:39:00
1.0,7.0,2019-09-07,12.0,2.04,6.99,8:35:00
3.0,7.0,,8.0,3.0,0.5,13:58:00
2.0,7.0,2019-07-06,20.0,3.1,3.49,12:51:00
3.0,7.0,2019-07-10,23.0,1.0,0.5,18:50:00
2.0,7.0,,15.0,2.83,3.49,16:49:00
2.0,7.0,2019-08-10,5.0,,3.49,9:06:00
3.0,7.0,2019-08-07,,1.0,0.5,
3.0,7.0,2020-08-08,5.0,3.0,0.5,13:37:00
1.0,7.0,,17.0,0.04,,17:14:00
2.0,7.0,2020-09-30,2.0,5.04,3.49,18:06:00
4.0,7.0,2019-05-04,,1.0,4.0,10:22:00
2.0,7.0,2019-09-04,7.0,3.0,3.49,18:53:00
1.0,7.0,2020-07-25,12.0,2.25,6.99,10:24:00
3.0,,2019-07-27,3.0,4.0,0.5,11:41:00
3.0,7.0,2019-08-14,4.0,1.0,0.5,17:31:00
3.0,7.0,2020-07-15,19.0,2.0,0.5,17:41:00
2.0,7.0,2019-08-07,3.0,2.93,,18:09:00
2.0,7.0,2020-07-08,,2.93,3.49,17:42:00
2.0,7.0,2020-09-26,5.0,2.64,3.49,11:02:00
3.0,7.0,2019-09-11,2.0,5.0,0.5,17:21:00
3.0,7.0,2020-08-29,8.0,2.0,0.5,13:19:00
2.0,7.0,2019-07-17,7.0,4.13,3.49,18:51:00
2.0,7.0,2020-07-15,2.0,3.05,3.49,18:16:00
,7.0,2020-07-29,6.0,2.38,3.49,18:41:00
4.0,7.0,2019-04-03,16.0,2.0,4.0,18:58:00
1.0,7.0,,17.0,1.55,6.99,13:58:00
4.0,7.0,2019-04-03,3.0,1.0,4.0,18:44:00
3.0,7.0,2019-09-28,,3.0,0.5,13:54:00
4.0,7.0,2019-05-22,7.0,5.0,4.0,18:24:00
3.0,7.0,2020-08-12,1.0,4.0,0.5,18:51:00
1.0,7.0,2020-08-29,5.0,,6.99,10:26:00
3.0,7.0,2020-08-22,6.0,4.0,0.5,12:50:00
3.0,7.0,2020-09-26,23.0,2.0,0.5,
3.0,7.0,2019-07-03,22.0,5.0,0.5,18:11:00
3.0,7.0,2019-07-20,4.0,,0.5,9:29:00
3.0,7.0,2019-07-31,19.0,4.0,0.5,18:11:00
2.0,7.0,2020-08-15,8.0,,3.49,9:36:00
2.0,,2020-08-08,,,3.49,
2.0,7.0,2019-08-03,,2.82,3.49,13:54:00
3.0,7.0,2020-08-05,4.0,2.0,0.5,
3.0,7.0,2020-08-01,2.0,2.0,0.5,9:17:00
2.0,7.0,2020-07-08,20.0,3.3,3.49,17:37:00
1.0,,2019-07-10,,,6.99,
3.0,7.0,2020-07-04,9.0,4.0,0.5,
4.0,7.0,2019-06-12,,5.0,4.0,17:10:00
2.0,7.0,2019-07-24,26.0,6.78,3.49,16:38:00
1.0,,2020-07-18,2.0,2.5,6.99,13:30:00
2.0,7.0,2020-07-01,2.0,3.37,3.49,18:55:00
3.0,7.0,2019-08-17,1.0,3.0,0.5,13:55:00
2.0,7.0,2019-07-03,17.0,4.74,3.49,17:38:00
4.0,7.0,2019-05-25,17.0,2.0,4.0,13:50:00
3.0,7.0,,2.0,3.0,0.5,18:45:00
2.0,7.0,2020-07-04,6.0,5.18,3.0,10:01:00
1.0,7.0,2020-09-02,4.0,3.31,6.99,
3.0,7.0,2020-08-05,3.0,3.0,0.5,17:29:00
4.0,7.0,2019-04-06,16.0,5.0,4.0,13:12:00
3.0,7.0,2020-09-16,22.0,2.0,0.5,18:34:00
2.0,7.0,2019-07-27,16.0,3.57,3.49,10:08:00
1.0,7.0,2020-09-02,7.0,2.4,6.99,
3.0,7.0,2019-07-24,6.0,5.0,0.5,17:16:00
2.0,,2020-07-29,1.0,3.88,3.49,18:52:00
1.0,7.0,2019-07-03,22.0,0.66,6.99,17:34:00
1.0,,2019-08-14,5.0,2.35,6.99,17:32:00
2.0,7.0,2019-09-11,7.0,6.14,3.49,17:28:00
2.0,7.0,2019-07-20,9.0,1.2,3.49,8:17:00
3.0,7.0,2019-09-18,9.0,5.0,0.5,17:16:00
2.0,7.0,2020-07-22,18.0,2.85,3.49,18:00:00
3.0,7.0,,10.0,3.0,0.5,17:18:00
2.0,7.0,2020-08-01,3.0,4.87,3.49,
3.0,,2020-07-04,26.0,,0.5,12:47:00
3.0,,2020-09-05,4.0,5.0,0.5,
2.0,7.0,,22.0,,3.49,9:20:00
3.0,,2020-07-15,19.0,3.0,0.5,17:06:00
2.0,7.0,2019-09-04,21.0,3.45,3.49,18:48:00
3.0,7.0,,13.0,2.0,0.5,18:53:00
2.0,,2019-07-17,4.0,1.55,3.49,17:45:00
3.0,7.0,2019-07-24,6.0,5.0,0.5,16:50:00
1.0,7.0,2019-09-25,2.0,0.06,6.99,16:47:00
3.0,7.0,2019-08-21,12.0,4.0,0.5,18:52:00
2.0,7.0,2019-07-27,16.0,3.21,3.49,9:46:00
1.0,7.0,2020-09-19,17.0,,6.99,
3.0,7.0,2020-08-05,21.0,4.0,0.5,18:54:00
4.0,7.0,2019-06-05,11.0,,4.0,18:50:00
1.0,7.0,2020-07-04,5.0,4.27,6.99,
3.0,7.0,2020-09-19,13.0,5.0,0.5,11:09:00
4.0,,2019-05-15,4.0,2.0,4.0,16:54:00
2.0,7.0,,2.0,6.27,,8:58:00
2.0,7.0,2019-07-03,16.0,3.46,3.49,
3.0,7.0,2019-08-17,26.0,5.0,0.5,13:44:00
3.0,,2019-09-18,18.0,2.0,0.5,18:54:00
,7.0,2020-08-15,7.0,2.77,3.49,
4.0,7.0,2019-05-11,11.0,5.0,4.0,8:53:00
3.0,7.0,2019-09-14,25.0,3.0,0.5,13:22:00
,7.0,2019-06-08,10.0,2.0,4.0,
3.0,7.0,2020-08-22,7.0,2.0,,13:57:00
3.0,7.0,2019-07-24,5.0,4.0,,18:38:00
3.0,7.0,2020-07-11,26.0,2.0,0.5,13:28:00
2.0,7.0,2020-09-12,4.0,4.22,3.49,12:47:00
,7.0,2020-09-30,19.0,3.36,3.49,18:53:00
2.0,,2020-08-19,11.0,6.34,3.49,16:47:00
3.0,7.0,,2.0,2.0,0.5,13:59:00
1.0,7.0,2019-08-03,13.0,0.05,6.99,13:37:00
3.0,7.0,2020-08-26,1.0,2.0,0.5,17:32:00
3.0,7.0,2020-09-16,22.0,2.0,0.5,18:34:00
,7.0,2019-08-10,23.0,0.46,6.99,13:39:00
2.0,7.0,2019-08-28,17.0,2.99,3.49,17:06:00
3.0,7.0,2019-09-14,,4.0,0.5,9:09:00
2.0,7.0,2020-09-05,12.0,6.31,3.49,9:39:00
2.0,7.0,2019-08-07,,0.98,3.49,
1.0,,2019-07-06,4.0,0.27,6.99,12:20:00
,7.0,2020-07-04,,5.6,3.0,12:25:00
4.0,7.0,2019-05-29,15.0,3.0,4.0,18:49:00
3.0,7.0,2019-09-04,,3.0,0.5,
2.0,7.0,2020-07-04,9.0,1.89,3.49,9:28:00
4.0,7.0,2019-05-18,17.0,2.0,4.0,11:04:00
2.0,7.0,2020-07-01,14.0,4.11,3.49,18:18:00
1.0,7.0,2019-09-21,24.0,4.4,6.99,11:27:00
1.0,7.0,2020-09-30,26.0,3.97,6.99,17:04:00
4.0,7.0,2019-05-04,7.0,4.0,4.0,11:48:00
,7.0,2019-08-24,16.0,4.48,6.99,11:00:00
3.0,7.0,2019-08-17,10.0,2.0,0.5,9:26:00
,,2019-04-13,4.0,2.0,4.0,10:17:00
4.0,,2019-06-08,4.0,3.0,4.0,12:26:00
2.0,,2019-08-03,5.0,2.39,3.49,9:01:00
3.0,7.0,2019-07-20,,,0.5,13:24:00
3.0,7.0,2020-09-23,1.0,4.0,0.5,17:11:00
2.0,7.0,2020-08-12,7.0,3.05,3.49,17:25:00
1.0,7.0,2020-07-08,10.0,1.33,,17:34:00
1.0,7.0,2020-09-05,,1.79,6.99,10:39:00
3.0,7.0,2019-07-06,6.0,5.0,0.5,11:51:00
4.0,7.0,2019-05-08,4.0,5.0,4.0,18:03:00
2.0,7.0,2019-08-21,2.0,2.93,3.49,18:13:00
2.0,7.0,,12.0,1.81,3.49,16:50:00
3.0,7.0,2020-08-05,17.0,1.0,0.5,18:38:00
2.0,7.0,,8.0,3.69,,13:11:00
1.0,7.0,2020-07-08,4.0,4.44,6.99,18:53:00
3.0,7.0,2019-08-07,10.0,4.0,,18:48:00
3.0,7.0,2019-09-04,12.0,4.0,0.5,17:09:00
2.0,7.0,2020-09-12,20.0,4.25,3.49,
,7.0,2019-09-18,18.0,2.0,0.5,
4.0,7.0,2019-05-04,7.0,4.0,4.0,11:48:00
2.0,7.0,2019-09-11,6.0,1.62,3.49,18:53:00
2.0,7.0,2020-08-26,9.0,2.13,3.49,18:21:00
3.0,7.0,2020-07-15,8.0,2.0,0.5,18:10:00
3.0,7.0,2020-09-12,6.0,1.0,0.5,13:33:00
3.0,7.0,2019-08-24,3.0,4.0,0.5,11:36:00
3.0,7.0,2020-09-26,14.0,3.0,0.5,8:58:00
4.0,7.0,2019-06-12,1.0,3.0,4.0,
2.0,7.0,2020-07-15,,2.45,3.49,18:38:00
4.0,7.0,2019-05-15,,,4.0,17:27:00
4.0,7.0,2019-04-10,4.0,,4.0,17:27:00
4.0,7.0,2019-06-08,15.0,1.0,4.0,9:18:00
3.0,7.0,2020-08-26,17.0,2.0,0.5,
3.0,7.0,2019-07-20,2.0,1.0,0.5,
3.0,7.0,2020-09-19,22.0,4.0,0.5,10:24:00
1.0,7.0,2020-09-16,2.0,5.18,6.99,16:28:00
1.0,7.0,2020-07-08,,0.84,,18:39:00
3.0,7.0,2019-09-07,10.0,2.0,0.5,13:21:00
2.0,7.0,2019-09-11,7.0,6.14,3.49,17:28:00
3.0,7.0,2020-09-12,14.0,2.0,,8:41:00
4.0,7.0,2019-05-11,10.0,3.0,4.0,9:19:00
4.0,7.0,2019-06-05,4.0,2.0,4.0,
3.0,7.0,2019-08-28,8.0,1.0,0.5,17:40:00
3.0,7.0,2019-08-24,,4.0,0.5,13:28:00
2.0,7.0,2019-09-07,23.0,3.85,3.49,11:43:00
2.0,,2019-09-11,1.0,3.45,3.49,
3.0,7.0,2020-07-01,15.0,2.0,0.5,18:34:00
2.0,7.0,2020-07-15,2.0,1.32,3.49,18:40:00
2.0,7.0,2019-08-07,6.0,6.9,3.49,17:01:00
1.0,7.0,2019-07-06,23.0,1.49,6.99,12:26:00
1.0,7.0,2020-07-01,25.0,0.04,6.99,
3.0,7.0,2020-09-19,11.0,5.0,0.5,11:59:00
3.0,7.0,2020-07-11,,3.0,0.5,13:52:00
3.0,7.0,2020-09-09,7.0,4.0,0.5,16:53:00
4.0,7.0,2019-05-04,6.0,1.0,4.0,11:14:00
1.0,7.0,2020-07-11,1.0,4.04,6.99,13:03:00
2.0,7.0,,12.0,2.61,3.49,17:36:00
1.0,7.0,2020-08-12,2.0,4.59,6.99,18:56:00
1.0,7.0,2020-09-12,14.0,3.38,6.99,13:14:00
,7.0,2020-09-19,,,0.5,10:56:00
4.0,7.0,2019-05-22,2.0,2.0,4.0,17:04:00
3.0,7.0,2020-08-08,,3.0,0.5,13:54:00
3.0,7.0,2020-07-01,3.0,3.0,0.5,16:38:00
2.0,7.0,2020-09-30,10.0,1.29,3.49,18:07:00
3.0,7.0,2019-08-21,4.0,3.0,0.5,17:34:00
2.0,7.0,,2.0,2.31,3.49,12:49:00
4.0,7.0,2019-04-24,4.0,3.0,4.0,16:59:00
3.0,,2020-09-19,1.0,2.0,,
1.0,7.0,2020-09-23,8.0,2.89,6.99,17:23:00
3.0,7.0,2020-09-19,6.0,3.0,0.5,12:39:00
2.0,,2019-09-11,,,3.49,
2.0,7.0,2020-07-29,5.0,3.0,3.49,18:43:00
2.0,7.0,2020-07-01,10.0,5.38,3.49,18:11:00
3.0,7.0,2019-07-24,4.0,5.0,0.5,18:36:00
2.0,7.0,2019-07-03,17.0,1.76,3.49,17:14:00
1.0,7.0,2019-09-14,2.0,4.14,6.99,13:49:00
4.0,7.0,2019-06-15,2.0,2.0,4.0,9:31:00
4.0,7.0,2019-05-29,,4.0,4.0,17:36:00
3.0,7.0,2020-08-08,15.0,3.0,0.5,13:54:00
2.0,7.0,2020-07-04,15.0,3.31,3.49,12:46:00
1.0,,2019-09-04,9.0,2.18,6.99,16:30:00
4.0,7.0,2019-05-22,12.0,1.0,4.0,17:51:00
2.0,,2020-07-29,4.0,3.35,3.49,18:27:00
4.0,7.0,2019-05-04,10.0,4.0,4.0,
2.0,7.0,2019-08-31,4.0,3.26,3.49,9:35:00
3.0,7.0,2020-09-30,11.0,2.0,0.5,17:50:00
4.0,7.0,2019-04-17,2.0,5.0,,18:43:00
2.0,,2020-08-08,5.0,4.53,3.49,11:31:00
3.0,7.0,2019-09-14,25.0,5.0,,12:47:00
3.0,7.0,2020-08-08,12.0,2.0,0.5,9:54:00
3.0,7.0,2020-09-30,1.0,4.0,0.5,18:10:00
3.0,7.0,2020-09-09,2.0,2.0,0.5,18:59:00
1.0,7.0,2020-09-05,8.0,2.12,6.99,10:07:00
2.0,7.0,2019-08-21,17.0,,3.49,18:51:00
3.0,,2020-07-25,10.0,3.0,0.5,11:32:00
4.0,7.0,2019-05-15,4.0,2.0,4.0,17:23:00
2.0,7.0,2019-07-27,23.0,3.79,3.49,13:58:00
2.0,7.0,2020-09-12,15.0,5.01,3.0,12:47:00
4.0,,2019-05-18,10.0,1.0,4.0,13:54:00
2.0,,2020-07-11,4.0,1.53,3.49,
4.0,7.0,,12.0,5.0,4.0,8:12:00
2.0,7.0,2019-09-07,6.0,,3.49,12:38:00
4.0,7.0,2019-04-13,13.0,5.0,,11:03:00
4.0,7.0,,4.0,5.0,4.0,
3.0,7.0,,,3.0,0.5,18:07:00
4.0,7.0,2019-05-29,14.0,5.0,,18:51:00
2.0,7.0,,,2.42,,18:53:00
2.0,7.0,2020-08-08,12.0,3.18,3.49,10:26:00
3.0,7.0,2020-08-22,8.0,4.0,0.5,9:27:00
,7.0,2019-07-27,20.0,4.0,0.5,13:59:00
2.0,7.0,2019-09-28,2.0,0.8,3.49,
3.0,7.0,2019-07-10,3.0,4.0,0.5,
3.0,7.0,2020-09-12,14.0,5.0,0.5,8:34:00
4.0,7.0,2019-05-08,18.0,1.0,4.0,18:03:00
1.0,7.0,,4.0,3.03,6.99,18:44:00
2.0,7.0,2020-07-08,1.0,1.98,3.49,18:56:00
2.0,7.0,2019-08-28,8.0,7.33,,18:30:00
,7.0,,,4.0,4.0,13:44:00
2.0,7.0,2020-08-26,5.0,3.68,3.49,18:20:00
2.0,,2020-08-19,13.0,2.37,3.49,
2.0,7.0,2020-08-08,5.0,5.2,3.49,
1.0,,2019-08-31,5.0,2.4,6.99,10:00:00
4.0,7.0,2019-05-22,15.0,4.0,4.0,18:26:00
1.0,7.0,2020-09-09,1.0,1.92,6.99,18:44:00
4.0,7.0,2019-05-15,8.0,2.0,4.0,18:27:00
,7.0,2019-05-18,10.0,5.0,4.0,13:40:00
2.0,7.0,2019-07-27,16.0,3.21,3.49,9:46:00
3.0,7.0,2020-09-02,9.0,4.0,0.5,18:43:00
1.0,7.0,2020-07-22,6.0,2.28,6.99,18:49:00
3.0,7.0,2020-09-02,23.0,7.0,,18:14:00
1.0,7.0,2019-07-20,,2.0,6.99,11:33:00
4.0,7.0,2019-06-05,12.0,2.0,4.0,17:54:00
3.0,7.0,2019-08-03,11.0,5.0,0.5,
4.0,7.0,2019-04-20,,2.0,4.0,13:42:00
,7.0,2020-07-01,7.0,0.63,6.99,17:21:00
4.0,7.0,2019-05-04,10.0,2.0,4.0,9:16:00
4.0,7.0,2019-05-11,8.0,5.0,4.0,13:42:00
3.0,7.0,2019-09-21,6.0,5.0,0.5,13:42:00
2.0,7.0,2020-08-05,,2.74,3.49,18:51:00
1.0,7.0,2019-09-25,2.0,0.06,6.99,16:47:00
2.0,7.0,2020-08-12,13.0,1.25,3.49,16:16:00
2.0,7.0,2020-08-22,6.0,3.48,,
2.0,7.0,2019-09-18,1.0,3.62,3.49,
3.0,7.0,2020-08-05,12.0,2.0,0.5,18:19:00
1.0,7.0,2020-07-25,,1.59,6.99,10:20:00
3.0,,2019-09-28,7.0,3.0,0.5,13:17:00
4.0,7.0,2019-04-13,2.0,2.0,4.0,9:19:00
4.0,7.0,2019-04-03,59.0,3.0,3.5,7:51:00
2.0,7.0,2019-08-17,5.0,1.65,3.49,11:39:00
1.0,7.0,2020-09-05,,5.2,6.99,11:34:00
1.0,7.0,2020-08-22,25.0,0.76,6.99,11:02:00
4.0,7.0,2019-05-08,3.0,2.0,4.0,17:23:00
3.0,7.0,2019-09-25,15.0,1.0,0.5,16:26:00
3.0,7.0,2020-08-05,12.0,3.0,0.5,18:23:00
,7.0,2020-07-29,6.0,2.38,3.49,18:41:00
3.0,7.0,2019-07-06,19.0,4.0,0.5,9:54:00
4.0,7.0,2019-06-01,9.0,4.0,4.0,12:04:00
1.0,7.0,2020-07-04,26.0,2.42,6.99,12:37:00
2.0,7.0,2019-07-24,19.0,2.4,3.49,17:55:00
3.0,7.0,2019-07-13,1.0,2.0,0.5,11:50:00
1.0,7.0,2020-09-30,9.0,3.82,,18:53:00
4.0,,2019-06-08,3.0,3.0,4.0,9:59:00
4.0,7.0,2019-05-18,8.0,3.0,4.0,9:23:00
1.0,7.0,2019-08-31,22.0,4.86,6.99,9:12:00
2.0,7.0,2020-08-22,5.0,3.75,3.49,13:46:00
,7.0,2019-08-14,,5.3,3.49,18:44:00
,7.0,2019-09-11,,3.0,0.5,17:06:00
2.0,7.0,2020-07-18,6.0,1.25,3.49,9:35:00
1.0,,,,1.63,6.99,10:09:00
1.0,7.0,2020-08-05,21.0,2.27,6.99,
2.0,7.0,2019-07-20,8.0,1.18,3.49,13:18:00
4.0,7.0,2019-05-22,15.0,2.0,4.0,17:43:00
3.0,,2019-07-03,25.0,2.0,0.5,
2.0,7.0,2020-07-04,19.0,1.82,3.49,13:47:00
2.0,7.0,2019-07-17,1.0,4.88,3.49,18:26:00
4.0,7.0,2019-05-29,,2.0,4.0,18:58:00
2.0,7.0,2020-09-16,2.0,4.43,3.49,16:39:00
3.0,7.0,2020-08-08,11.0,2.0,0.5,13:20:00
4.0,7.0,2019-04-20,8.0,3.0,4.0,12:54:00
2.0,7.0,2020-09-19,,1.13,3.49,13:06:00
3.0,7.0,2019-07-31,58.0,2.0,0.5,12:39:00
4.0,,2019-04-17,4.0,4.0,3.5,18:11:00
3.0,7.0,2019-08-17,,4.0,0.5,13:44:00
,7.0,2019-09-14,5.0,1.33,,9:06:00
1.0,7.0,2019-09-11,25.0,2.16,6.99,17:21:00
,7.0,2020-09-02,26.0,2.57,3.49,18:17:00
2.0,7.0,2019-09-21,8.0,2.18,3.49,13:31:00
3.0,7.0,2020-08-12,18.0,3.0,0.5,17:19:00
4.0,7.0,2019-05-29,1.0,1.0,4.0,17:51:00
3.0,7.0,2019-09-14,12.0,4.0,0.5,11:10:00
,7.0,2019-04-24,11.0,1.0,4.0,18:15:00
2.0,,2020-08-15,18.0,4.74,3.49,
2.0,7.0,2020-09-05,5.0,2.23,3.49,13:57:00
4.0,7.0,2019-04-24,2.0,4.0,4.0,18:35:00
3.0,7.0,2019-08-21,,5.0,0.5,17:22:00
3.0,7.0,2019-07-31,1.0,5.0,0.5,
2.0,7.0,2020-08-05,12.0,0.22,3.49,18:26:00
1.0,7.0,,2.0,4.24,,9:02:00
2.0,,2019-08-21,18.0,4.56,3.49,
2.0,7.0,,23.0,2.53,3.49,13:30:00
1.0,7.0,2020-08-08,,4.99,6.99,11:38:00
2.0,7.0,2019-09-11,25.0,6.42,3.49,17:09:00
3.0,,2019-08-17,,3.0,0.5,13:17:00
2.0,7.0,2019-07-17,9.0,0.11,3.49,16:44:00
2.0,7.0,2020-07-18,4.0,1.39,3.49,12:14:00
3.0,7.0,2019-08-10,14.0,5.0,0.5,9:35:00
2.0,,2019-08-21,6.0,0.72,3.49,18:37:00
4.0,7.0,2019-06-15,1.0,3.0,4.0,12:56:00
3.0,7.0,2020-07-04,,3.0,0.5,13:12:00
,7.0,2020-09-16,7.0,3.0,0.5,17:28:00
2.0,7.0,2020-08-26,15.0,0.31,3.49,17:27:00
3.0,7.0,2019-07-06,15.0,2.0,0.5,9:14:00
2.0,7.0,2020-09-05,25.0,4.86,3.49,11:32:00
,7.0,2019-04-10,12.0,2.0,4.0,16:58:00
3.0,7.0,2020-09-30,1.0,3.0,0.5,18:18:00
2.0,,,19.0,2.69,3.49,
1.0,7.0,2019-07-13,10.0,2.34,6.99,10:21:00
1.0,7.0,2020-09-16,2.0,5.18,6.99,16:28:00
2.0,7.0,2019-08-14,26.0,3.9,3.49,18:24:00
,7.0,2019-09-11,7.0,1.54,6.99,17:37:00
4.0,7.0,2019-06-08,15.0,1.0,4.0,10:09:00
2.0,7.0,2020-07-22,25.0,5.15,3.49,18:55:00
2.0,7.0,2020-08-01,3.0,4.87,3.49,
3.0,7.0,2020-07-01,1.0,5.0,,18:23:00
3.0,7.0,2019-07-17,18.0,3.0,0.5,17:44:00
3.0,7.0,2019-07-03,1.0,3.0,0.5,17:36:00
2.0,7.0,2019-07-31,3.0,2.34,,18:49:00
3.0,7.0,2019-08-31,2.0,2.0,0.5,11:02:00
2.0,7.0,2019-08-14,26.0,2.44,3.49,
3.0,7.0,2019-07-27,8.0,2.0,0.5,13:53:00
4.0,7.0,2019-05-18,2.0,5.0,4.0,
3.0,7.0,2019-08-03,2.0,3.0,0.5,9:25:00
2.0,7.0,2020-08-26,1.0,1.03,3.49,18:49:00
3.0,7.0,2020-07-15,4.0,2.0,0.5,16:09:00
4.0,7.0,,5.0,3.0,4.0,
2.0,7.0,2020-09-09,5.0,2.15,,17:29:00
2.0,7.0,2020-09-05,,4.24,3.49,13:54:00
3.0,,,10.0,1.0,0.5,9:52:00
1.0,7.0,,4.0,4.14,6.99,17:50:00
2.0,7.0,2020-07-08,12.0,4.4,3.49,
2.0,7.0,2019-08-28,2.0,0.39,3.49,18:46:00
2.0,7.0,2020-07-01,10.0,2.86,3.49,18:37:00
4.0,7.0,2019-04-17,4.0,4.0,3.5,17:51:00
2.0,7.0,2019-09-28,6.0,5.07,3.49,9:53:00
3.0,7.0,2020-09-12,13.0,2.0,,10:51:00
2.0,7.0,2020-08-26,19.0,5.26,3.49,
1.0,7.0,2020-08-26,15.0,2.57,6.99,16:33:00
1.0,7.0,2019-07-31,8.0,3.83,6.99,18:34:00
3.0,7.0,2020-08-29,14.0,2.0,0.5,12:58:00
3.0,7.0,2020-09-12,3.0,2.0,0.5,11:24:00
2.0,7.0,2020-09-23,5.0,2.33,3.49,17:21:00
1.0,7.0,2020-09-19,15.0,5.06,6.99,11:57:00
2.0,7.0,2020-07-15,6.0,2.56,3.49,18:56:00
,7.0,2019-09-14,5.0,1.33,,9:06:00
2.0,7.0,2019-08-17,26.0,3.02,3.49,13:17:00
4.0,7.0,2019-06-15,,3.0,4.0,12:01:00
3.0,7.0,2019-08-31,6.0,2.0,0.5,
4.0,7.0,2019-05-01,4.0,5.0,4.0,17:39:00
4.0,7.0,2019-04-13,13.0,4.0,4.0,10:29:00
4.0,7.0,2019-06-15,4.0,5.0,4.0,12:23:00
1.0,7.0,2019-07-03,14.0,2.18,6.99,18:23:00
,7.0,2020-08-12,14.0,3.0,0.5,
2.0,7.0,,6.0,4.57,3.49,11:53:00
3.0,,,19.0,,0.5,13:32:00
,,2019-06-12,17.0,4.0,4.0,18:47:00
4.0,7.0,2019-05-08,3.0,1.0,4.0,17:11:00
4.0,7.0,2019-05-11,7.0,4.0,4.0,13:51:00
2.0,7.0,2019-08-31,3.0,,3.49,11:36:00
2.0,7.0,2019-09-04,26.0,2.1,3.49,18:54:00
1.0,,2019-09-14,6.0,2.94,6.99,13:42:00
3.0,7.0,,15.0,3.0,0.5,18:52:00
2.0,,2020-09-16,3.0,2.98,3.49,18:29:00
4.0,7.0,2019-05-04,13.0,1.0,4.0,10:33:00
,7.0,,18.0,,6.99,13:44:00
4.0,7.0,2019-05-15,1.0,2.0,4.0,18:28:00
1.0,7.0,2019-07-20,,2.09,,12:48:00
3.0,7.0,2020-08-01,7.0,,0.5,8:19:00
2.0,7.0,2020-08-29,,1.82,3.49,13:32:00
3.0,7.0,2019-07-27,1.0,5.0,0.5,13:48:00
1.0,7.0,2020-09-09,1.0,3.43,6.99,18:35:00
4.0,,2019-04-03,12.0,3.0,4.0,18:35:00
3.0,7.0,2020-07-04,26.0,3.0,0.5,12:09:00
,7.0,2020-07-22,10.0,,,16:24:00
4.0,7.0,2019-04-17,9.0,3.0,3.5,17:11:00
1.0,,2019-09-14,6.0,2.94,6.99,13:42:00
1.0,7.0,2019-08-28,2.0,1.07,6.99,18:56:00
4.0,7.0,2019-04-10,12.0,4.0,4.0,16:45:00
2.0,7.0,2019-07-17,,2.56,3.49,18:31:00
1.0,7.0,2020-08-12,,2.39,6.99,18:59:00
2.0,7.0,2019-07-24,10.0,5.57,3.49,18:49:00
1.0,7.0,2019-09-11,18.0,,6.99,17:52:00
2.0,7.0,2019-08-03,13.0,0.02,,13:47:00
1.0,7.0,2020-08-22,5.0,,6.99,13:33:00
3.0,7.0,2020-07-11,,3.0,0.5,13:49:00
4.0,7.0,2019-04-10,5.0,5.0,,18:57:00
4.0,7.0,2019-06-01,5.0,4.0,4.0,13:08:00
,7.0,2020-08-29,,0.15,,13:13:00
2.0,7.0,2020-08-29,21.0,2.16,3.49,8:54:00
2.0,7.0,2019-08-03,2.0,4.04,3.49,11:00:00
3.0,7.0,2019-08-14,2.0,5.0,0.5,
4.0,7.0,2019-04-13,3.0,4.0,,10:50:00
1.0,7.0,2020-09-12,15.0,1.22,6.99,13:11:00
1.0,7.0,2020-07-08,10.0,4.44,6.99,17:36:00
2.0,7.0,2019-08-24,16.0,,3.49,10:58:00
2.0,7.0,2019-08-28,8.0,1.86,3.49,18:12:00
3.0,7.0,2020-07-04,8.0,2.0,0.5,12:15:00
3.0,7.0,2020-08-15,4.0,4.0,0.5,13:37:00
1.0,7.0,2019-08-10,2.0,0.32,6.99,8:26:00
,7.0,2020-08-26,4.0,,6.99,18:36:00
,7.0,2019-08-24,14.0,2.86,3.49,9:37:00
2.0,7.0,,1.0,2.81,3.49,13:35:00
,,2019-09-25,3.0,,3.49,18:31:00
,,2019-09-07,5.0,1.0,0.5,12:46:00
,7.0,,24.0,3.16,3.49,18:43:00
3.0,7.0,2020-08-29,9.0,5.0,0.5,12:33:00
1.0,7.0,2019-08-07,,4.65,6.99,18:30:00
2.0,7.0,2019-08-14,4.0,,,18:05:00
4.0,7.0,2019-04-27,16.0,3.0,3.5,
2.0,,2020-07-22,9.0,2.31,3.49,18:21:00
3.0,7.0,2019-09-25,12.0,,0.5,18:19:00
,7.0,2020-07-08,4.0,4.0,,17:11:00
3.0,7.0,2019-08-03,15.0,1.0,0.5,11:35:00
3.0,7.0,2019-07-17,17.0,5.0,0.5,18:53:00
1.0,7.0,2020-09-16,3.0,3.71,6.99,18:14:00
2.0,7.0,2020-08-15,10.0,1.91,3.49,12:13:00
4.0,7.0,2019-04-27,13.0,4.0,3.5,11:43:00
3.0,,2019-08-07,4.0,3.0,0.5,16:48:00
3.0,7.0,2020-07-29,,4.0,0.5,18:30:00
2.0,7.0,2019-08-14,1.0,4.37,3.49,17:03:00
1.0,7.0,2019-07-10,23.0,3.61,6.99,18:56:00
,,2020-07-11,5.0,3.0,0.5,10:21:00
3.0,7.0,2019-07-03,11.0,4.0,0.5,18:52:00
4.0,,2019-06-05,7.0,2.0,4.0,16:30:00
4.0,7.0,2019-05-22,,1.0,4.0,18:53:00
,7.0,2020-07-04,,5.6,3.0,12:25:00
2.0,7.0,,14.0,1.38,3.49,13:54:00
,7.0,,6.0,2.0,0.5,11:31:00
2.0,7.0,2020-07-04,11.0,3.28,3.49,12:15:00
4.0,,2019-06-08,9.0,3.0,4.0,11:35:00
3.0,7.0,2020-08-22,2.0,5.0,0.5,12:27:00
3.0,7.0,2020-07-15,20.0,3.0,0.5,18:02:00
3.0,7.0,2019-08-21,24.0,,0.5,
2.0,7.0,2020-07-22,11.0,3.14,,18:44:00
1.0,7.0,2019-08-03,4.0,0.08,6.99,12:12:00
,,2020-07-11,24.0,3.5,3.49,11:34:00
3.0,7.0,2020-07-25,7.0,1.0,0.5,9:21:00
2.0,7.0,,12.0,1.47,3.49,18:11:00
2.0,7.0,2019-07-06,14.0,1.0,3.49,13:19:00
4.0,7.0,2019-04-03,6.0,4.0,4.0,18:49:00
2.0,7.0,2020-09-02,26.0,4.31,3.49,17:30:00
4.0,7.0,2019-05-25,2.0,2.0,4.0,13:08:00
2.0,7.0,2020-07-08,4.0,2.28,3.49,18:32:00
2.0,,2019-07-10,11.0,2.89,3.49,18:56:00
4.0,,2019-05-22,,4.0,4.0,17:56:00
2.0,7.0,2019-09-11,12.0,1.92,3.49,18:30:00
2.0,7.0,2020-08-12,23.0,1.78,3.49,18:53:00
4.0,7.0,2019-05-04,11.0,1.0,4.0,10:43:00
1.0,7.0,2020-09-19,15.0,,,11:10:00
1.0,7.0,2020-09-26,3.0,1.82,6.99,12:04:00
2.0,7.0,2020-07-18,9.0,3.1,3.49,13:57:00
,,2019-09-25,3.0,,3.49,18:31:00
3.0,7.0,2019-08-03,22.0,6.0,0.5,12:07:00
2.0,7.0,2019-08-07,10.0,4.31,3.49,
4.0,7.0,2019-04-17,10.0,1.0,3.5,17:16:00
4.0,7.0,,2.0,5.0,4.0,9:34:00
3.0,7.0,2020-07-29,2.0,3.0,0.5,18:56:00
,7.0,2019-04-17,6.0,,3.5,
1.0,7.0,2019-08-10,12.0,4.09,6.99,8:39:00
4.0,7.0,2019-04-24,1.0,3.0,4.0,18:22:00
3.0,7.0,,8.0,4.0,0.5,
4.0,7.0,2019-06-15,,1.0,4.0,13:54:00
4.0,7.0,2019-04-20,5.0,1.0,4.0,
,7.0,2019-09-07,1.0,2.0,0.5,12:22:00
3.0,,2019-08-07,23.0,4.0,0.5,18:51:00
2.0,7.0,2020-09-16,11.0,3.67,3.49,18:40:00
2.0,7.0,2020-09-16,14.0,3.26,3.49,
2.0,7.0,2020-07-18,,4.67,3.49,8:57:00
1.0,7.0,2019-08-14,8.0,3.57,6.99,18:04:00
3.0,7.0,2019-07-31,58.0,2.0,0.5,12:39:00
1.0,7.0,2020-07-11,1.0,4.04,6.99,13:03:00
,7.0,2020-07-22,19.0,1.06,6.99,18:44:00
3.0,,2019-09-25,3.0,2.0,0.5,17:39:00
3.0,7.0,2020-07-11,,4.0,0.5,
1.0,7.0,2019-07-27,24.0,3.04,6.99,9:37:00
2.0,7.0,2019-07-03,24.0,2.28,,18:37:00
3.0,7.0,2019-09-25,12.0,4.0,0.5,18:35:00
2.0,7.0,2020-09-02,4.0,4.75,3.49,18:15:00
,7.0,2020-07-01,4.0,4.0,0.5,16:18:00
3.0,7.0,2020-09-19,,4.0,0.5,
1.0,7.0,2020-07-18,9.0,2.16,6.99,13:54:00
1.0,7.0,2019-09-07,8.0,0.94,6.99,13:33:00
3.0,7.0,2020-07-11,10.0,2.0,0.5,11:35:00
,7.0,,11.0,3.64,6.99,18:16:00
3.0,7.0,2019-07-10,12.0,1.0,,17:45:00
2.0,7.0,2020-07-04,5.0,4.61,3.49,12:08:00
2.0,7.0,2020-09-19,5.0,4.45,3.49,11:31:00
2.0,7.0,2020-08-08,5.0,5.2,3.49,
2.0,7.0,,23.0,,3.49,18:54:00
3.0,7.0,2019-07-13,10.0,4.0,0.5,
2.0,7.0,2019-08-17,14.0,1.05,3.49,8:35:00
3.0,7.0,2020-08-15,16.0,3.0,0.5,12:00:00
3.0,7.0,2019-07-27,20.0,3.0,,13:32:00
,7.0,2020-09-16,10.0,3.22,3.49,18:26:00
3.0,,2020-07-11,26.0,2.0,0.5,12:44:00
1.0,7.0,2019-07-03,14.0,0.99,6.99,17:32:00
3.0,,2020-09-09,12.0,3.0,0.5,18:47:00
4.0,7.0,2019-06-15,9.0,5.0,4.0,8:37:00
3.0,7.0,2019-07-13,10.0,1.0,0.5,11:21:00
3.0,7.0,2019-09-28,,5.0,0.5,11:17:00
2.0,7.0,2020-09-19,26.0,3.37,,12:13:00
3.0,7.0,2019-07-10,9.0,3.0,0.5,17:27:00
1.0,7.0,2020-07-04,16.0,0.62,6.99,12:51:00
3.0,7.0,2019-07-06,6.0,4.0,0.5,12:19:00
2.0,7.0,2020-09-23,6.0,2.8,3.49,17:35:00
1.0,7.0,2019-09-25,3.0,,6.99,
2.0,7.0,2019-08-31,6.0,4.3,3.49,11:38:00
4.0,7.0,2019-05-15,13.0,1.0,,18:02:00
1.0,7.0,2020-08-15,7.0,1.08,6.99,10:42:00
2.0,7.0,2019-09-21,22.0,2.81,3.49,13:46:00
4.0,,,12.0,3.0,3.5,13:32:00
1.0,7.0,2020-07-08,22.0,,6.99,17:53:00
3.0,7.0,2020-08-12,6.0,1.0,0.5,18:42:00
1.0,7.0,2019-07-10,4.0,2.13,6.99,18:06:00
1.0,,2020-08-05,7.0,4.92,6.99,17:43:00
4.0,7.0,2019-04-13,3.0,1.0,4.0,11:33:00
2.0,,2020-09-05,8.0,1.85,3.49,9:26:00
2.0,7.0,2019-08-28,5.0,2.51,,17:15:00
3.0,7.0,2020-08-08,22.0,2.0,0.5,10:04:00
4.0,,2019-05-25,,,4.0,
3.0,,,,4.0,0.5,12:02:00
2.0,7.0,,7.0,4.38,3.49,17:57:00
3.0,7.0,2019-07-31,1.0,5.0,0.5,
3.0,7.0,2020-09-05,9.0,4.0,0.5,10:01:00
,7.0,2020-07-25,14.0,5.0,0.5,11:07:00
,7.0,2020-09-16,7.0,3.0,0.5,17:28:00
3.0,7.0,2019-08-03,3.0,1.0,,
4.0,7.0,2019-04-20,12.0,1.0,4.0,11:51:00
1.0,7.0,2020-09-30,9.0,3.61,6.99,18:49:00
2.0,7.0,2019-08-10,,3.27,3.49,12:43:00
,7.0,2019-09-21,6.0,,6.99,12:17:00
3.0,7.0,,11.0,4.0,0.5,11:44:00
3.0,7.0,2020-08-15,16.0,5.0,0.5,12:59:00
3.0,,2020-08-22,10.0,5.0,0.5,13:40:00
3.0,7.0,2020-08-19,1.0,2.0,0.5,17:56:00
4.0,7.0,2019-04-06,,5.0,4.0,8:41:00
1.0,7.0,2019-08-14,25.0,3.21,6.99,18:46:00
3.0,7.0,2020-08-29,13.0,1.0,0.5,13:10:00
3.0,7.0,2019-09-07,6.0,3.0,0.5,11:53:00
,7.0,2020-09-26,14.0,4.0,0.5,8:57:00
,7.0,,1.0,5.0,0.5,13:28:00
3.0,7.0,2020-07-08,5.0,1.0,0.5,18:55:00
2.0,7.0,2019-07-13,24.0,1.64,3.49,12:42:00
2.0,7.0,2019-08-14,26.0,2.44,3.49,
1.0,7.0,2019-09-04,20.0,5.67,6.99,17:57:00
2.0,7.0,2019-07-03,9.0,4.85,3.49,16:42:00
2.0,7.0,,3.0,2.06,3.49,13:50:00
1.0,7.0,2019-08-31,10.0,0.14,6.99,9:57:00
4.0,7.0,2019-05-11,11.0,5.0,4.0,8:53:00
3.0,,2020-07-04,6.0,4.0,0.5,12:06:00
